S.no.;First Name;Sport Name;Event Name;Certification Number;State Name;Position;KID.;Category
1;Eklavya jagal;Ice Skating;Speed Skating Short Trach 300mtr (Under 17);KIWG2024/W/A/1;Uttar Pradesh;FIRST;SSAA015M07;Boys
2;Aarav Aniruddha Patwardhan;Ice Skating;Speed Skating Short Trach 300mtr (Under 17);KIWG2024/W/A/2;Maharashtra;SECOND;SSAA000M09;Boys
3;ADVAY NOOPUR KOTHARI;Ice Skating;Speed Skating Short Trach 300mtr (Under 17);KIWG2024/W/A/3;Maharashtra;THIRD;SSAA001M09;Boys
4;AKASH ARADHYA;Ice Skating;Speed Skating Short Trach 300mtr (Above 17);KIWG2024/W/A/4;Karnataka;FIRST;SSAA000M93;Boys
5;Suyog Sanjay Tapkir;Ice Skating;Speed Skating Short Trach 300mtr (Above 17);KIWG2024/W/A/5;Maharashtra;SECOND;SSAA001M97;Boys
6;Sumit Sanjay Tapkir;Ice Skating;Speed Skating Short Trach 300mtr (Above 17);KIWG2024/W/A/6;Maharashtra;THIRD;SSAA000M99;Boys
7;AKASH ARADHYA;Ice Skating;Speed Skating Short Track 500m;KIWG2024/W/A/7;Karnataka;FIRST;SSAA000M93;Boys
8;Suyog Sanjay Tapkir;Ice Skating;Speed Skating Short Track 500m;KIWG2024/W/A/8;Maharashtra;SECOND;SSAA001M97;Boys
9;Sumit Sanjay Tapkir;Ice Skating;Speed Skating Short Track 500m;KIWG2024/W/A/9;Maharashtra;THIRD;SSAA000M99;Boys
10;VARSHA S PURANIK;Ice Skating;Speed Skating Short Track 300m;KIWG2024/W/A/10;Karnataka;FIRST;SSAA000F87;Girls
11;Stuti Dhandhania;Ice Skating;Speed Skating Short Track 300m;KIWG2024/W/A/11;Haryana;THIRD;SSAA000F04;Girls
12;NAYANA SRI TALLURI;Ice Skating;Speed Skating Short Track 300mtr (Under 17);KIWG2024/W/A/12;Telangana;FIRST;SSAA004F08;Girls
13;UDREKA SINGH;Ice Skating;Speed Skating Short Track 300mtr (Under 17);KIWG2024/W/A/13;Madhya Pradesh;THIRD;SSAA004F10;Girls
14;Swarali Ashutosh Deo;Ice Skating;Speed Skating Short Track 300m;KIWG2024/W/A/14;Maharashtra;SECOND;SSAA000F02;Girls
15;SWAROOPA NACHIKET KAD DESHMUKH;Ice Skating;Speed Skating Short Track 300mtr (Under 17);KIWG2024/W/A/15;Maharashtra;SECOND;SSAA001F09;Girls
16;VARSHA S PURANIK;Ice Skating;Speed Skating Short Track 500m;KIWG2024/W/A/16;Karnataka;FIRST;SSAA000F87;Girls
17;Janvi Chordia;Ice Skating;Speed Skating Short Track 500m;KIWG2024/W/A/17;Maharashtra;SECOND;SSAA000F03;Girls
18;Swarali Ashutosh Deo;Ice Skating;Speed Skating Short Track 500m;KIWG2024/W/A/18;Maharashtra;THIRD;SSAA000F02;Girls
19;NAYANA SRI TALLURI;Ice Skating;Speed Skating Short Track 500mtr (Under 17);KIWG2024/W/A/19;Telangana;FIRST;SSAA004F08;Girls
20;SWAROOPA NACHIKET KAD DESHMUKH;Ice Skating;Speed Skating Short Track 500mtr (Under 17);KIWG2024/W/A/20;Maharashtra;SECOND;SSAA001F09;Girls
21;Skarma Tsultim;Ice Skating;Speed Skating Short Track 500mtr (Under 17);KIWG2024/W/A/21;Ladakh;THIRD;SSAA005F08;Girls
22;Aarav Aniruddha Patwardhan;Ice Skating;Speed Skating Short Trach 500mtr (Under 17);KIWG2024/W/A/22;Maharashtra;FIRST;SSAA000M09;Boys
23;ADVAY NOOPUR KOTHARI;Ice Skating;Speed Skating Short Trach 500mtr (Under 17);KIWG2024/W/A/23;Maharashtra;THIRD;SSAA001M09;Boys
24;PRANAV MADAV SURAPANENI;Ice Skating;Speed Skating Short Trach 500mtr (Under 17);KIWG2024/W/A/24;Telangana;SECOND;SSAA006M09;Boys
25;Suyog Sanjay Tapkir;Ice Skating;Relay Men (Above 17);KIWG2024/W/A/25;Maharashtra;FIRST;SSAA001M97;Boys
26;Sumit Sanjay Tapkir;Ice Skating;Relay Men (Above 17);KIWG2024/W/A/26;Maharashtra;FIRST;SSAA000M99;Boys
27;Aarav Aniruddha Patwardhan;Ice Skating;Relay Men (Above 17);KIWG2024/W/A/27;Maharashtra;FIRST;SSAA000M09;Boys
28;ADVAY NOOPUR KOTHARI;Ice Skating;Relay Men (Above 17);KIWG2024/W/A/28;Maharashtra;FIRST;SSAA001M09;Boys
29;Noyal C Cherian;Ice Skating;Relay Men (Above 17);KIWG2024/W/A/29;Madhya Pradesh;SECOND;SSAA000M96;Boys
30;Sujal sahu;Ice Skating;Relay Men (Above 17);KIWG2024/W/A/30;Madhya Pradesh;SECOND;SSAA000M00;Boys
31;Yogesh Sharma;Ice Skating;Relay Men (Above 17);KIWG2024/W/A/31;Madhya Pradesh;SECOND;SSAA001M02;Boys
32;HARSH KASAUNDHAN;Ice Skating;Relay Men (Above 17);KIWG2024/W/A/32;Madhya Pradesh;SECOND;SSAA001M05;Boys
33;Rohit;Ice Skating;Relay Men (Above 17);KIWG2024/W/A/33;Haryana;THIRD;SSAA000M01;Boys
34;Sanyam Goyal;Ice Skating;Relay Men (Above 17);KIWG2024/W/A/34;Haryana;THIRD;SSAA010M07;Boys
35;Shubhang Munjal;Ice Skating;Relay Men (Above 17);KIWG2024/W/A/35;Haryana;THIRD;SSAA002M03;Boys
36;Hriday Arora;Ice Skating;Relay Men (Above 17);KIWG2024/W/A/36;Haryana;THIRD;SSAA011M07;Boys
37;Suyog Sanjay Tapkir;Ice Skating;Relay Mixed (Above 17);KIWG2024/W/A/37;Maharashtra;FIRST;SSAA001M97;Mixed
38;Aarav Aniruddha Patwardhan;Ice Skating;Relay Mixed (Above 17);KIWG2024/W/A/38;Maharashtra;FIRST;SSAA000M09;Mixed
39;Janvi Chordia;Ice Skating;Relay Mixed (Above 17);KIWG2024/W/A/39;Maharashtra;FIRST;SSAA000F03;Mixed
40;SWAROOPA NACHIKET KAD DESHMUKH;Ice Skating;Relay Mixed (Above 17);KIWG2024/W/A/40;Maharashtra;FIRST;SSAA001F09;Mixed
41;Skarma Tsultim;Ice Skating;Relay Mixed (Above 17);KIWG2024/W/A/41;Ladakh;SECOND;SSAA005F08;Mixed
42;Tasniya shamim;Ice Skating;Relay Mixed (Above 17);KIWG2024/W/A/42;Ladakh;SECOND;SSAA009F10;Mixed
43;Stanzin jampal;Ice Skating;Relay Mixed (Above 17);KIWG2024/W/A/43;Ladakh;SECOND;SSAA007M06;Mixed
44;Mohd Saquaf Raza;Ice Skating;Relay Mixed (Above 17);KIWG2024/W/A/44;Ladakh;SECOND;SSAA013M07;Mixed
45;Noyal C Cherian;Ice Skating;Relay Mixed (Above 17);KIWG2024/W/A/45;Madhya Pradesh;THIRD;SSAA000M96;Mixed
46;Yogesh Sharma;Ice Skating;Relay Mixed (Above 17);KIWG2024/W/A/46;Madhya Pradesh;THIRD;SSAA001M02;Mixed
47;UDREKA SINGH;Ice Skating;Relay Mixed (Above 17);KIWG2024/W/A/47;Madhya Pradesh;THIRD;SSAA004F10;Mixed
48;AVANTIKA SINGH;Ice Skating;Relay Mixed (Above 17);KIWG2024/W/A/48;Madhya Pradesh;THIRD;SSAA006F10;Mixed
49;Swarali Ashutosh Deo;Ice Skating;Relay Women (Above 17);KIWG2024/W/A/49;Maharashtra;SECOND;SSAA000F02;Girls
50;Janvi Chordia;Ice Skating;Relay Women (Above 17);KIWG2024/W/A/50;Maharashtra;SECOND;SSAA000F03;Girls
51;SWAROOPA NACHIKET KAD DESHMUKH;Ice Skating;Relay Women (Above 17);KIWG2024/W/A/51;Maharashtra;SECOND;SSAA001F09;Girls
52;Abhisri Jagtap;Ice Skating;Relay Women (Above 17);KIWG2024/W/A/52;Maharashtra;SECOND;SSAA002F03;Girls
53;Skarma Tsultim;Ice Skating;Relay Women (Above 17);KIWG2024/W/A/53;Ladakh;FIRST;SSAA005F08;Girls
54;insha fatima;Ice Skating;Relay Women (Above 17);KIWG2024/W/A/54;Ladakh;FIRST;SSAA003F08;Girls
55;Tasniya shamim;Ice Skating;Relay Women (Above 17);KIWG2024/W/A/55;Ladakh;FIRST;SSAA009F10;Girls
56;Padma angmo;Ice Skating;Relay Women (Above 17);KIWG2024/W/A/56;Ladakh;FIRST;SSAA005F09;Girls
57;Stuti Dhandhania;Ice Skating;Relay Women (Above 17);KIWG2024/W/A/57;Haryana;THIRD;SSAA000F04;Girls
58;Raina;Ice Skating;Relay Women (Above 17);KIWG2024/W/A/58;Haryana;THIRD;SSAA001F01;Girls
59;RUHI SHARMA;Ice Skating;Relay Women (Above 17);KIWG2024/W/A/59;Haryana;THIRD;SSAA003F09;Girls
60;Riddhi Patel;Ice Skating;Relay Women (Above 17);KIWG2024/W/A/60;Haryana;THIRD;SSAA004F09;Girls
61;Omkara yogaraj;Ice Skating;Speed Skating Long Track 500m;KIWG2024/W/A/61;Karnataka;FIRST;SSAA001M98;Boys
62;Anubhav Gupta;Ice Skating;Speed Skating Long Track 500m;KIWG2024/W/A/62;Uttar Pradesh;SECOND;SSAA002M97;Boys
63;Stanzin jampal;Ice Skating;Speed Skating Long Track 500m;KIWG2024/W/A/63;Ladakh;THIRD;SSAA007M06;Boys
64;Shruti Kotwal;Ice Skating;Speed Skating Long Track 500m;KIWG2024/W/A/64;Maharashtra;FIRST;SSAA001F91;Girls
65;Padma chorol;Ice Skating;Speed Skating Long Track 500m;KIWG2024/W/A/65;Ladakh;SECOND;SSAA002F94;Girls
66;Saniya thakur;Ice Skating;Speed Skating Long Track 500m;KIWG2024/W/A/66;Himachal Pradesh;THIRD;SSAA006F06;Girls
67;Anubhav Gupta;Ice Skating;Speed Skating Long Track 1000m;KIWG2024/W/A/67;Uttar Pradesh;FIRST;SSAA002M97;Boys
68;Omkara yogaraj;Ice Skating;Speed Skating Long Track 1000m;KIWG2024/W/A/68;Karnataka;SECOND;SSAA001M98;Boys
69;Stanzin jampal;Ice Skating;Speed Skating Long Track 1000m;KIWG2024/W/A/69;Ladakh;THIRD;SSAA007M06;Boys
70;Shruti Kotwal;Ice Skating;Speed Skating Long Track 1000m;KIWG2024/W/A/70;Maharashtra;FIRST;SSAA001F91;Girls
71;YARRAMSETTY DEVI CHANDANA TEJASWININ BAI;Ice Skating;Speed Skating Long Track 1000m;KIWG2024/W/A/71;Andhra Pradesh;SECOND;SSAA001F06;Girls
72;Saniya thakur;Ice Skating;Speed Skating Long Track 1000m;KIWG2024/W/A/72;Himachal Pradesh;THIRD;SSAA006F06;Girls
73;VYOM AMITABH SAWANT;Ice Skating;Speed Skating Long Track 500mtr (Under 17);KIWG2024/W/A/73;Maharashtra;FIRST;SSAA002M09;Boys
74;Srivatsa s rao;Ice Skating;Speed Skating Long Track 500mtr (Under 17);KIWG2024/W/A/74;Karnataka;SECOND;SSAA014M07;Boys
75;Mohd Saquaf Raza;Ice Skating;Speed Skating Long Track 500mtr (Under 17);KIWG2024/W/A/75;Ladakh;THIRD;SSAA013M07;Boys
76;UDREKA SINGH;Ice Skating;Speed Skating Long Track 500mtr (Under 17);KIWG2024/W/A/76;Madhya Pradesh;FIRST;SSAA004F10;Girls
77;Skarma Tsultim;Ice Skating;Speed Skating Long Track 500mtr (Under 17);KIWG2024/W/A/77;Ladakh;SECOND;SSAA005F08;Girls
78;Padma angmo;Ice Skating;Speed Skating Long Track 500mtr (Under 17);KIWG2024/W/A/78;Ladakh;THIRD;SSAA005F09;Girls
79;Srivatsa s rao;Ice Skating;Speed Skating Long Track 1000mtr (Under 17);KIWG2024/W/A/79;Karnataka;FIRST;SSAA014M07;Boys
80;Padma angmo;Ice Skating;Speed Skating Long Track 1000mtr (Under 17);KIWG2024/W/A/80;Ladakh;FIRST;SSAA005F09;Girls
81;insha fatima;Ice Skating;Speed Skating Long Track 1000mtr (Under 17);KIWG2024/W/A/81;Ladakh;SECOND;SSAA003F08;Girls
82;Tasniya shamim;Ice Skating;Speed Skating Long Track 1000mtr (Under 17);KIWG2024/W/A/82;Ladakh;THIRD;SSAA009F10;Girls
83;Mohd Saquaf Raza;Ice Skating;Speed Skating Long Track 1000mtr (Under 17);KIWG2024/W/A/83;Ladakh;SECOND;SSAA013M07;Boys
84;VYOM AMITABH SAWANT;Ice Skating;Speed Skating Long Track 1000mtr (Under 17);KIWG2024/W/A/84;Maharashtra;THIRD;SSAA002M09;Boys
85;ZEDHEN WANGMO;Ice hockey;Team;KIWG2024/W/A/85;Himachal Pradesh;THIRD;IHAA003F00;Girls
86;CHHERING YANGCHEN;Ice hockey;Team;KIWG2024/W/A/86;Himachal Pradesh;THIRD;IHAA008F08;Girls
87;KUNGA YANGCHEN;Ice hockey;Team;KIWG2024/W/A/87;Himachal Pradesh;THIRD;IHAA006F06;Girls
88;NAWANG LAMO;Ice hockey;Team;KIWG2024/W/A/88;Himachal Pradesh;THIRD;IHAA002F04;Girls
89;KUNGA CHHODON;Ice hockey;Team;KIWG2024/W/A/89;Himachal Pradesh;THIRD;IHAA002F10;Girls
90;NAWANG LINZOM;Ice hockey;Team;KIWG2024/W/A/90;Himachal Pradesh;THIRD;IHAA007F08;Girls
91;NAWANG PALDON;Ice hockey;Team;KIWG2024/W/A/91;Himachal Pradesh;THIRD;IHAA011F09;Girls
92;PADMA BHUMKIT;Ice hockey;Team;KIWG2024/W/A/92;Himachal Pradesh;THIRD;IHAA007F06;Girls
93;PRIYANKA THAKUR;Ice hockey;Team;KIWG2024/W/A/93;Himachal Pradesh;THIRD;IHAA008F07;Girls
94;RIGZIN DOLMA;Ice hockey;Team;KIWG2024/W/A/94;Himachal Pradesh;THIRD;IHAA009F07;Girls
95;TANZIN DOLMA;Ice hockey;Team;KIWG2024/W/A/95;Himachal Pradesh;THIRD;IHAA003F04;Girls
96;TANZIN DOLMA;Ice hockey;Team;KIWG2024/W/A/96;Himachal Pradesh;THIRD;IHAA010F08;Girls
97;TANZIN SALDON;Ice hockey;Team;KIWG2024/W/A/97;Himachal Pradesh;THIRD;IHAA002F00;Girls
98;TASHI DOLMA;Ice hockey;Team;KIWG2024/W/A/98;Himachal Pradesh;THIRD;IHAA012F09;Girls
99;TENZIN CHHODON;Ice hockey;Team;KIWG2024/W/A/99;Himachal Pradesh;THIRD;IHAA013F09;Girls
100;VANSHIKA ROWPA;Ice hockey;Team;KIWG2024/W/A/100;Himachal Pradesh;THIRD;IHAA011F08;Girls
101;CHHERING DOLMA;Ice hockey;Team;KIWG2024/W/A/101;Himachal Pradesh;THIRD;IHAA005F08;Girls
102;SONAM ANGMO;Ice hockey;Team;KIWG2024/W/A/102;Himachal Pradesh;THIRD;IHAA012F08;Girls
103;TANZIN ANGMO;Ice hockey;Team;KIWG2024/W/A/103;Himachal Pradesh;THIRD;IHAA005F04;Girls
104;TANZIN DEKYONG;Ice hockey;Team;KIWG2024/W/A/104;Himachal Pradesh;THIRD;IHAA009F08;Girls
105;THINLESS NURBOO;Ice hockey;Team;KIWG2024/W/A/105;ARMY;FIRST;IHAA001M84;Boys
106;Stanzin Phandey;Ice hockey;Team;KIWG2024/W/A/106;ARMY;FIRST;IHAA000M87;Boys
107;Tsewang Namgail;Ice hockey;Team;KIWG2024/W/A/107;ARMY;FIRST;IHAA004M88;Boys
108;Suhail Ahmad;Ice hockey;Team;KIWG2024/W/A/108;ARMY;FIRST;IHAA017M01;Boys
109;Jigmeth kunzang;Ice hockey;Team;KIWG2024/W/A/109;ARMY;FIRST;IHAA009M91;Boys
110;Konchok Namgail;Ice hockey;Team;KIWG2024/W/A/110;ARMY;FIRST;IHAA011M94;Boys
111;Deskyong Namgyal;Ice hockey;Team;KIWG2024/W/A/111;ARMY;FIRST;IHAA010M93;Boys
112;Tsewang Dorjay;Ice hockey;Team;KIWG2024/W/A/112;ARMY;FIRST;IHAA002M85;Boys
113;Chamba Lotus;Ice hockey;Team;KIWG2024/W/A/113;ARMY;FIRST;IHAA007M96;Boys
114;Tsewang Tamchos;Ice hockey;Team;KIWG2024/W/A/114;ARMY;FIRST;IHAA001M85;Boys
115;Rinchen Tundup;Ice hockey;Team;KIWG2024/W/A/115;ARMY;FIRST;IHAA002M84;Boys
116;Jigmet Deachen;Ice hockey;Team;KIWG2024/W/A/116;ARMY;FIRST;IHAA014M97;Boys
117;Tseldan mentok;Ice hockey;Team;KIWG2024/W/A/117;ARMY;FIRST;IHAA014M94;Boys
118;Dorjay Angchok;Ice hockey;Team;KIWG2024/W/A/118;ARMY;FIRST;IHAA009M89;Boys
119;Stanzin Namgial;Ice hockey;Team;KIWG2024/W/A/119;ARMY;FIRST;IHAA007M99;Boys
120;Rigzin Norboo;Ice hockey;Team;KIWG2024/W/A/120;ARMY;FIRST;IHAA013M97;Boys
121;Nawang Dorje;Ice hockey;Team;KIWG2024/W/A/121;ARMY;FIRST;IHAA003M88;Boys
122;Zakir Hussain;Ice hockey;Team;KIWG2024/W/A/122;ARMY;FIRST;IHAA008M00;Boys
123;Tsewang Stanzin;Ice hockey;Team;KIWG2024/W/A/123;ARMY;FIRST;IHAA007M92;Boys
124;Tsering Angdus;Ice hockey;Team;KIWG2024/W/A/124;ITBP;SECOND;IHAA002M97;Boys
125;Mohd ismail;Ice hockey;Team;KIWG2024/W/A/125;ITBP;SECOND;IHAA004M92;Boys
126;Tundup Namgail;Ice hockey;Team;KIWG2024/W/A/126;ITBP;SECOND;IHAA003M92;Boys
127;Stanzin mingure;Ice hockey;Team;KIWG2024/W/A/127;ITBP;SECOND;IHAA003M99;Boys
128;Lakdan angchok;Ice hockey;Team;KIWG2024/W/A/128;ITBP;SECOND;IHAA005M93;Boys
129;Tashi Tundup;Ice hockey;Team;KIWG2024/W/A/129;ITBP;SECOND;IHAA001M90;Boys
130;JAMYANG TAKPA;Ice hockey;Team;KIWG2024/W/A/130;ITBP;SECOND;IHAA002M90;Boys
131;Padma tamchos;Ice hockey;Team;KIWG2024/W/A/131;ITBP;SECOND;IHAA001M91;Boys
132;Thinles Gyaltson;Ice hockey;Team;KIWG2024/W/A/132;ITBP;SECOND;IHAA002M92;Boys
133;Mansoor Ahmad aijaz;Ice hockey;Team;KIWG2024/W/A/133;ITBP;SECOND;IHAA006M94;Boys
134;Tashi tsering;Ice hockey;Team;KIWG2024/W/A/134;ITBP;SECOND;IHAA001M96;Boys
135;Rigzin norboo;Ice hockey;Team;KIWG2024/W/A/135;ITBP;SECOND;IHAA000M92;Boys
136;Nawang Zangpo;Ice hockey;Team;KIWG2024/W/A/136;ITBP;SECOND;IHAA000M94;Boys
137;Virenderthapa;Ice hockey;Team;KIWG2024/W/A/137;ITBP;SECOND;IHAA001M88;Boys
138;Tashi Dorjey;Ice hockey;Team;KIWG2024/W/A/138;ITBP;SECOND;IHAA002M00;Boys
139;Namkhar DORJAY;Ice hockey;Team;KIWG2024/W/A/139;ITBP;SECOND;IHAA001M92;Boys
140;JIGMET RINCHEN;Ice hockey;Team;KIWG2024/W/A/140;ITBP;SECOND;IHAA003M93;Boys
141;Urgian dorjey;Ice hockey;Team;KIWG2024/W/A/141;ITBP;SECOND;IHAA001M93;Boys
142;Tashi Namgail;Ice hockey;Team;KIWG2024/W/A/142;ITBP;SECOND;IHAA002M96;Boys
143;Zakir hussain;Ice hockey;Team;KIWG2024/W/A/143;ITBP;SECOND;IHAA000M82;Boys
144;RAMESH KUMAR;Ice hockey;Team;KIWG2024/W/A/144;Himachal Pradesh;THIRD;IHAA012M92;Boys
145;ABHISHEK RATHORE;Ice hockey;Team;KIWG2024/W/A/145;Himachal Pradesh;THIRD;IHAA023M97;Boys
146;DORJE GIACHHO;Ice hockey;Team;KIWG2024/W/A/146;Himachal Pradesh;THIRD;IHAA012M98;Boys
147;NARENDER;Ice hockey;Team;KIWG2024/W/A/147;Himachal Pradesh;THIRD;IHAA015M98;Boys
148;RAHUL;Ice hockey;Team;KIWG2024/W/A/148;Himachal Pradesh;THIRD;IHAA013M98;Boys
149;CHHIMET NAMDOL;Ice hockey;Team;KIWG2024/W/A/149;Himachal Pradesh;THIRD;IHAA013M93;Boys
150;SONAM RINCHEN;Ice hockey;Team;KIWG2024/W/A/150;Himachal Pradesh;THIRD;IHAA017M94;Boys
151;AJAY;Ice hockey;Team;KIWG2024/W/A/151;Himachal Pradesh;THIRD;IHAA012M96;Boys
152;CHHERING GIALSON;Ice hockey;Team;KIWG2024/W/A/152;Himachal Pradesh;THIRD;IHAA009M95;Boys
153;KUNZANG CHHERING;Ice hockey;Team;KIWG2024/W/A/153;Himachal Pradesh;THIRD;IHAA011M95;Boys
154;SONAM CHHERING;Ice hockey;Team;KIWG2024/W/A/154;Himachal Pradesh;THIRD;IHAA008M95;Boys
155;NAWANG KUNGA;Ice hockey;Team;KIWG2024/W/A/155;Himachal Pradesh;THIRD;IHAA022M02;Boys
156;ABHIMANYU SHARMA;Ice hockey;Team;KIWG2024/W/A/156;Himachal Pradesh;THIRD;IHAA014M98;Boys
157;PRANAV DOGRA;Ice hockey;Team;KIWG2024/W/A/157;Himachal Pradesh;THIRD;IHAA012M99;Boys
158;AMIT BELWAL;Ice hockey;Team;KIWG2024/W/A/158;Himachal Pradesh;THIRD;IHAA015M93;Boys
159;Vishal Jawahrani;Ice hockey;Team;KIWG2024/W/A/159;Himachal Pradesh;THIRD;IHAA023M99;Boys
160;ABHISHEK THAKUR;Ice hockey;Team;KIWG2024/W/A/160;Himachal Pradesh;THIRD;IHAA025M99;Boys
161;CHAMBA TSETAN;Ice hockey;Team;KIWG2024/W/A/161;Himachal Pradesh;THIRD;IHAA019M94;Boys
162;Stanzin Chotso;Ice hockey;Team;KIWG2024/W/A/162;ITBP;FIRST;IHAA001F99;Girls
163;Tsewang chorol;Ice hockey;Team;KIWG2024/W/A/163;ITBP;FIRST;IHAA003F98;Girls
164;Stanzin Dolkar;Ice hockey;Team;KIWG2024/W/A/164;ITBP;FIRST;IHAA001F95;Girls
165;Padma Dolker;Ice hockey;Team;KIWG2024/W/A/165;ITBP;FIRST;IHAA001F97;Girls
166;Tashi Dolkar;Ice hockey;Team;KIWG2024/W/A/166;ITBP;FIRST;IHAA004F99;Girls
167;SHARAP YANGSKET;Ice hockey;Team;KIWG2024/W/A/167;ITBP;FIRST;IHAA000F95;Girls
168;Sonam angmo;Ice hockey;Team;KIWG2024/W/A/168;ITBP;FIRST;IHAA000F99;Girls
169;Sonam chondol;Ice hockey;Team;KIWG2024/W/A/169;ITBP;FIRST;IHAA000F98;Girls
170;Sherap Zangmo;Ice hockey;Team;KIWG2024/W/A/170;ITBP;FIRST;IHAA000F97;Girls
171;Stanzin Zangmo;Ice hockey;Team;KIWG2024/W/A/171;ITBP;FIRST;IHAA002F99;Girls
172;DECHEN DOLKER;Ice hockey;Team;KIWG2024/W/A/172;ITBP;FIRST;IHAA002F96;Girls
173;Nawang Dolkar;Ice hockey;Team;KIWG2024/W/A/173;ITBP;FIRST;IHAA001F96;Girls
174;Tsewang Nondol;Ice hockey;Team;KIWG2024/W/A/174;ITBP;FIRST;IHAA001F01;Girls
175;Skalzang youron;Ice hockey;Team;KIWG2024/W/A/175;ITBP;FIRST;IHAA003F99;Girls
176;Rigzin Yangdol;Ice hockey;Team;KIWG2024/W/A/176;ITBP;FIRST;IHAA002F98;Girls
177;Stanzin Lhamo;Ice hockey;Team;KIWG2024/W/A/177;ITBP;FIRST;IHAA001F98;Girls
178;Punchok dolma;Ice hockey;Team;KIWG2024/W/A/178;ITBP;FIRST;IHAA002F94;Girls
179;Mutup Angmo;Ice hockey;Team;KIWG2024/W/A/179;ITBP;FIRST;IHAA003F96;Girls
180;Padma Chuskit;Ice hockey;Team;KIWG2024/W/A/180;ITBP;FIRST;IHAA001F02;Girls
181;RINCHEN DOLKAR;Ice hockey;Team;KIWG2024/W/A/181;Ladakh;SECOND;IHAA007F04;Girls
182;Sonam Yangdol;Ice hockey;Team;KIWG2024/W/A/182;Ladakh;SECOND;IHAA005F98;Girls
183;Skarma Rinchen;Ice hockey;Team;KIWG2024/W/A/183;Ladakh;SECOND;IHAA003F03;Girls
184;Edzes Angmo;Ice hockey;Team;KIWG2024/W/A/184;Ladakh;SECOND;IHAA006F08;Girls
185;Diskit Chonzom Angmo;Ice hockey;Team;KIWG2024/W/A/185;Ladakh;SECOND;IHAA000F96;Girls
186;DORJAY DOLMA;Ice hockey;Team;KIWG2024/W/A/186;Ladakh;SECOND;IHAA001F93;Girls
187;SAMINA KHATOON;Ice hockey;Team;KIWG2024/W/A/187;Ladakh;SECOND;IHAA001F10;Girls
188;Noor Jahan;Ice hockey;Team;KIWG2024/W/A/188;Ladakh;SECOND;IHAA001F90;Girls
189;Stanzin Yangchan;Ice hockey;Team;KIWG2024/W/A/189;Ladakh;SECOND;IHAA002F03;Girls
190;Yangchan palmo;Ice hockey;Team;KIWG2024/W/A/190;Ladakh;SECOND;IHAA004F04;Girls
191;Lhamo chodon;Ice hockey;Team;KIWG2024/W/A/191;Ladakh;SECOND;IHAA004F02;Girls
192;Sonam Angmo;Ice hockey;Team;KIWG2024/W/A/192;Ladakh;SECOND;IHAA003F01;Girls
193;Kunzes Angmo;Ice hockey;Team;KIWG2024/W/A/193;Ladakh;SECOND;IHAA000F92;Girls
194;Padma chorol;Ice hockey;Team;KIWG2024/W/A/194;Ladakh;SECOND;IHAA003F94;Girls
195;Rigzin Yangdol;Ice hockey;Team;KIWG2024/W/A/195;Ladakh;SECOND;IHAA005F95;Girls
196;Rigzen Dolma;Ice hockey;Team;KIWG2024/W/A/196;Ladakh;SECOND;IHAA004F96;Girls
197;Namgail Wangmo;Ice hockey;Team;KIWG2024/W/A/197;Ladakh;SECOND;IHAA010F09;Girls
198;Tsewang Chuskit;Ice hockey;Team;KIWG2024/W/A/198;Ladakh;SECOND;IHAA003F93;Girls
199;Padma Desal;Ice hockey;Team;KIWG2024/W/A/199;Ladakh;SECOND;IHAA015F08;Girls
200;Tsewang Dolkar;Ice hockey;Team;KIWG2024/W/A/200;Ladakh;SECOND;IHAA003F95;Girls
201;Stanzin Phuntsog;Ice hockey;Team;KIWG2024/W/A/201;Ladakh;THIRD;IHAA021M97;Boys
202;Stanzin largail;Ice hockey;Team;KIWG2024/W/A/202;Ladakh;THIRD;IHAA014M01;Boys
203;Ghulam Mustafa;Ice hockey;Team;KIWG2024/W/A/203;Ladakh;THIRD;IHAA017M97;Boys
204;TOUSIF KHAN;Ice hockey;Team;KIWG2024/W/A/204;Ladakh;THIRD;IHAA019M99;Boys
205;Jaffar khan;Ice hockey;Team;KIWG2024/W/A/205;Ladakh;THIRD;IHAA012M00;Boys
206;DELDAN NAMGYAL;Ice hockey;Team;KIWG2024/W/A/206;Ladakh;THIRD;IHAA020M99;Boys
207;Tsewang Nurboo;Ice hockey;Team;KIWG2024/W/A/207;Ladakh;THIRD;IHAA016M99;Boys
208;SONAM WANGAIL;Ice hockey;Team;KIWG2024/W/A/208;Ladakh;THIRD;IHAA010M03;Boys
209;Tsering Galpo;Ice hockey;Team;KIWG2024/W/A/209;Ladakh;THIRD;IHAA018M99;Boys
210;Stanzin Lotus;Ice hockey;Team;KIWG2024/W/A/210;Ladakh;THIRD;IHAA017M05;Boys
211;STANZIN ANGCHOK;Ice hockey;Team;KIWG2024/W/A/211;Ladakh;THIRD;IHAA017M99;Boys
212;Urgain samstan;Ice hockey;Team;KIWG2024/W/A/212;Ladakh;THIRD;IHAA019M02;Boys
213;Padma Namgyal;Ice hockey;Team;KIWG2024/W/A/213;Ladakh;THIRD;IHAA021M99;Boys
214;Stanzin Namgyal;Ice hockey;Team;KIWG2024/W/A/214;Ladakh;THIRD;IHAA014M93;Boys
215;Stanzin Chozang;Ice hockey;Team;KIWG2024/W/A/215;Ladakh;THIRD;IHAA012M03;Boys
216;Tsewang Gyaltson;Ice hockey;Team;KIWG2024/W/A/216;Ladakh;THIRD;IHAA011M92;Boys
217;Tsering Angchuk;Ice hockey;Team;KIWG2024/W/A/217;Ladakh;THIRD;IHAA020M97;Boys
218;Tsewang Dorjay;Ice hockey;Team;KIWG2024/W/A/218;Ladakh;THIRD;IHAA010M97;Boys
219;Stanzin Thinless;Ice hockey;Team;KIWG2024/W/A/219;Ladakh;THIRD;IHAA018M02;Boys
220;STANZIN PASANG;Ice hockey;Team;KIWG2024/W/A/220;Ladakh;THIRD;IHAA010M98;Boys
221;Tsewang Namgail;Ice hockey;Team;KIWG2024/W/A/221;Ladakh;THIRD;IHAA015M06;Boys
222;Bhavani Thekkada Nanjunda;Nordic Ski;Sprint;KIWG2024/W/A/222;Karnataka;FIRST;NSAA000F95;Girls
223;Selma Soreng;Nordic Ski;Sprint;KIWG2024/W/A/223;ITBP;SECOND;NSAA003F99;Girls
224;Sapana;Nordic Ski;Sprint;KIWG2024/W/A/224;ITBP;THIRD;NSAA001F97;Girls
225;Padma Namgail;Nordic Ski;Distance;KIWG2024/W/A/225;ARMY;FIRST;NSAA001M93;Boys
226;Manjeet;Nordic Ski;Distance;KIWG2024/W/A/226;ARMY;SECOND;NSAA000M01;Boys
227;Rameez Ahmad padder;Nordic Ski;Distance;KIWG2024/W/A/227;ARMY;THIRD;NSAA000M90;Boys
228;Padma Namgail;Nordic Ski;Sprint;KIWG2024/W/A/228;ARMY;SECOND;NSAA001M93;Boys
229;Rameez Ahmad padder;Nordic Ski;Sprint;KIWG2024/W/A/229;ARMY;THIRD;NSAA000M90;Boys
230;Bhavani Thekkada Nanjunda;Nordic Ski;Distance;KIWG2024/W/A/230;Karnataka;FIRST;NSAA000F95;Girls
231;Sapana;Nordic Ski;Distance;KIWG2024/W/A/231;ITBP;SECOND;NSAA001F97;Girls
232;Prince kumari;Nordic Ski;Distance;KIWG2024/W/A/232;ITBP;THIRD;NSAA002F90;Girls
233;Menka Gunjyal;Ski Mountaineering;Sprint;KIWG2024/W/A/233;Uttarakhand;FIRST;SMAA002F92;Girls
234;SHAZIYA HASSAN;Ski Mountaineering;Sprint;KIWG2024/W/A/234;Jammu and Kashmir;SECOND;SMAA000F86;Girls
235;Kaamya Karthikeyan;Ski Mountaineering;Sprint;KIWG2024/W/A/235;Maharashtra;THIRD;SMAA001F07;Girls
236;Mayank Dimri;Ski Mountaineering;Sprint;KIWG2024/W/A/236;Uttarakhand;FIRST;SMAA002M94;Boys
237;Shahid Ahmad Chachi;Ski Mountaineering;Sprint;KIWG2024/W/A/237;Jammu and Kashmir;SECOND;SMAA006M98;Boys
238;Mehraj Ud Din Bhat;Ski Mountaineering;Sprint;KIWG2024/W/A/238;Jammu and Kashmir;THIRD;SMAA006M90;Boys
239;Manjeet;Nordic Ski;Sprint;KIWG2024/W/A/239;ARMY;FIRST;NSAA000M01;Boys
240;Aanchal Thakur;Alpine Ski;Giant Slalom;KIWG2024/W/A/240;Himachal Pradesh;FIRST;ASAA001F96;Girls
241;Tanuja Thakur;Alpine Ski;Giant Slalom;KIWG2024/W/A/241;Himachal Pradesh;SECOND;ASAA003F98;Girls
242;Promila Thakur;Alpine Ski;Giant Slalom;KIWG2024/W/A/242;Himachal Pradesh;THIRD;ASAA002F98;Girls
243;Padma Namgail;Nordic Ski;15Km Cross Country;KIWG2024/W/A/243;ARMY;FIRST;NSAA001M93;Boys
244;Manjeet;Nordic Ski;15Km Cross Country;KIWG2024/W/A/244;ARMY;SECOND;NSAA000M01;Boys
245;Rameez Ahmad padder;Nordic Ski;15Km Cross Country;KIWG2024/W/A/245;ARMY;THIRD;NSAA000M90;Boys
246;Thir Bdr Ramjali;Ski Mountaineering;Relay;KIWG2024/W/A/246;Army;FIRST;SMAA002M89;Boys
247;Shelesh rana;Ski Mountaineering;Relay;KIWG2024/W/A/247;ARMY;FIRST;SMAA000M01;Boys
248;Naveen Kumar;Ski Mountaineering;Relay;KIWG2024/W/A/248;ARMY;FIRST;SMAA000M90;Boys
249;Laxmi kant;Ski Mountaineering;Relay;KIWG2024/W/A/249;Army;FIRST;SMAA001M82;Boys
250;Mayank Dimri;Ski Mountaineering;Relay;KIWG2024/W/A/250;Uttarakhand;SECOND;SMAA002M94;Boys
251;jaideep;Ski Mountaineering;Relay;KIWG2024/W/A/251;Uttarakhand;SECOND;SMAA001M99;Boys
252;Himanshu Singh;Ski Mountaineering;Relay;KIWG2024/W/A/252;Uttarakhand;SECOND;SMAA003M00;Boys
253;Abhishek Bhatt;Ski Mountaineering;Relay;KIWG2024/W/A/253;Uttarakhand;SECOND;SMAA000M00;Boys
254;Sakshi Thakur;Ski Mountaineering;Relay;KIWG2024/W/A/254;Himachal Pradesh;FIRST;SMAA000F02;Girls
255;Shabnam;Ski Mountaineering;Relay;KIWG2024/W/A/255;Himachal Pradesh;FIRST;SMAA001F03;Girls
256;Jyoti Thakur;Ski Mountaineering;Relay;KIWG2024/W/A/256;Himachal Pradesh;FIRST;SMAA002F00;Girls
257;Shahid Ahmad Chachi;Ski Mountaineering;Relay;KIWG2024/W/A/257;Jammu and Kashmir;THIRD;SMAA006M98;Boys
258;Mehraj Ud Din Bhat;Ski Mountaineering;Relay;KIWG2024/W/A/258;Jammu and Kashmir;THIRD;SMAA006M90;Boys
259;Gh mohd wani;Ski Mountaineering;Relay;KIWG2024/W/A/259;Jammu and Kashmir;THIRD;SMAA000M85;Boys
260;Sheikh mohsin farooq;Ski Mountaineering;Relay;KIWG2024/W/A/260;Jammu and Kashmir;THIRD;SMAA002M05;Boys
261;Pranav thakur;Alpine Ski;Giant Slalom;KIWG2024/W/A/261;Himachal Pradesh;SECOND;ASAA007M02;Boys
262;Debendra gurung;Alpine Ski;Giant Slalom;KIWG2024/W/A/262;ARMY;THIRD;ASAA000M88;Boys
263;NOORIAN LATEEF SHAHDAD;Ski Mountaineering;Relay;KIWG2024/W/A/263;Jammu and Kashmir;SECOND;SMAA002F07;Girls
264;SHAZIYA HASSAN;Ski Mountaineering;Relay;KIWG2024/W/A/264;Jammu and Kashmir;SECOND;SMAA000F86;Girls
265;Mariyam bani;Ski Mountaineering;Relay;KIWG2024/W/A/265;Jammu and Kashmir;SECOND;SMAA000F91;Girls
266;Baqir Hussain;Alpine Ski;Giant Slalom;KIWG2024/W/A/266;ARMY;FIRST;ASAA000M99;Boys
267;Kulvinder Sharma;Snow Boarding;Slalom;KIWG2024/W/A/267;ARMY;FIRST;SNAA000M94;Boys
268;Karan Singh;Snow Boarding;Slalom;KIWG2024/W/A/268;ARMY;SECOND;SNAA000M91;Boys
269;MEHRAJ UD DIN KHAN;Snow Boarding;Slalom;KIWG2024/W/A/269;Jammu and Kashmir;THIRD;SNAA001M97;Boys
270;Priti Thakur;Snow Boarding;Slalom;KIWG2024/W/A/270;Himachal Pradesh;FIRST;SNAA001F02;Girls
271;Prakriti Thakur;Snow Boarding;Slalom;KIWG2024/W/A/271;Himachal Pradesh;SECOND;SNAA000F03;Girls
272;Deepika;Snow Boarding;Slalom;KIWG2024/W/A/272;Himachal Pradesh;THIRD;SNAA000F01;Girls
273;Shahid Ahmad Chachi;Ski Mountaineering;Vertical;KIWG2024/W/A/273;Jammu and Kashmir;FIRST;SMAA006M98;Boys
274;Mayank Dimri;Ski Mountaineering;Vertical;KIWG2024/W/A/274;Uttarakhand;SECOND;SMAA002M94;Boys
275;Thir Bdr Ramjali;Ski Mountaineering;Vertical;KIWG2024/W/A/275;Army;THIRD;SMAA002M89;Boys
276;Kaamya Karthikeyan;Ski Mountaineering;Vertical;KIWG2024/W/A/276;Maharashtra;FIRST;SMAA001F07;Girls
277;Menka Gunjyal;Ski Mountaineering;Vertical;KIWG2024/W/A/277;Uttarakhand;SECOND;SMAA002F92;Girls
278;Gousia Gulzar;Ski Mountaineering;Vertical;KIWG2024/W/A/278;Jammu and Kashmir;THIRD;SMAA006F97;Girls
279;Aanchal Thakur;Alpine Ski;Slalom;KIWG2024/W/A/279;Himachal Pradesh;FIRST;ASAA001F96;Girls
280;SABIYA NABI;Alpine Ski;Slalom;KIWG2024/W/A/280;Jammu and Kashmir;SECOND;ASAA001F98;Girls
281;Diya Thakur;Alpine Ski;Slalom;KIWG2024/W/A/281;Himachal Pradesh;THIRD;ASAA005F03;Girls
282;Baqir Hussain;Alpine Ski;Slalom;KIWG2024/W/A/282;ARMY;FIRST;ASAA000M99;Boys
283;MAYANK PANWAR;Alpine Ski;Slalom;KIWG2024/W/A/283;ARMY;SECOND;ASAA001M94;Boys
284;JEKMAT RAFSTAN;Alpine Ski;Slalom;KIWG2024/W/A/284;ARMY;THIRD;ASAA002M98;Boys
285;Kulvinder Sharma;Snow Boarding;Parallel Slalom;KIWG2024/W/A/285;ARMY;FIRST;SNAA000M94;Boys
286;VAKAR AHMAD LONE;Snow Boarding;Parallel Slalom;KIWG2024/W/A/286;Jammu and Kashmir;SECOND;SNAA002M03;Boys
287;Kamal jeet;Snow Boarding;Parallel Slalom;KIWG2024/W/A/287;Himachal Pradesh;THIRD;SNAA002M91;Boys
288;Bhavani Thekkada Nanjunda;Nordic Ski;Distance 10Km;KIWG2024/W/A/288;Karnataka;FIRST;NSAA000F95;Girls
289;Sapana;Nordic Ski;Distance 10Km;KIWG2024/W/A/289;ITBP;SECOND;NSAA001F97;Girls
290;Prince kumari;Nordic Ski;Distance 10Km;KIWG2024/W/A/290;ITBP;THIRD;NSAA002F90;Girls
291;Mehak Kawan;Alpine Ski;Parallel Slalom;KIWG2024/W/A/291;Uttarakhand;FIRST;ASAA001F07;Girls
292;Shabista shabir;Alpine Ski;Parallel Slalom;KIWG2024/W/A/292;Jammu and Kashmir;SECOND;ASAA002F97;Girls
293;Mansi farswan;Alpine Ski;Parallel Slalom;KIWG2024/W/A/293;Uttarakhand;THIRD;ASAA000F23;Girls
294;Bobby;Alpine Ski;Parallel Slalom;KIWG2024/W/A/294;ARMY;FIRST;ASAA002M99;Boys
295;Alwyn;Alpine Ski;Parallel Slalom;KIWG2024/W/A/295;Himachal Pradesh;THIRD;ASAA008M97;Boys
296;Jai singh;Alpine Ski;Parallel Slalom;KIWG2024/W/A/296;ITBP;SECOND;ASAA000M87;Boys
